{
  "runtimeState": {
    "today": {
      "tsMs": 1775629744694,
      "pnlSum": -0.05841104905702453,
      "successCount": 1,
      "failedCount": 1
    },
    "yesterday": {
      "tsMs": 1775543344694,
      "pnlSum": 1.261282103771138,
      "successCount": 8,
      "failedCount": 0
    },
    "blockedRoutes": {}
  }
}
